[
    {
        "name": "Afghanistan",
        "code": "AF"
    },
    {
        "name": "ÅlandIslands",
        "code": "AX"
    },
    {
        "name": "Albania",
        "code": "AL"
    },
    {
        "name": "Algeria",
        "code": "DZ"
    },
    {
        "name": "AmericanSamoa",
        "code": "AS"
    },
    {
        "name": "AndorrA",
        "code": "AD"
    },
    {
        "name": "Angola",
        "code": "AO"
    },
    {
        "name": "Anguilla",
        "code": "AI"
    },
    {
        "name": "Antarctica",
        "code": "AQ"
    },
    {
        "name": "Antiguaand Barbuda",
        "code": "AG"
    },
    {
        "name": "Argentina",
        "code": "AR"
    },
    {
        "name": "Armenia",
        "code": "AM"
    },
    {
        "name": "Aruba",
        "code": "AW"
    },
    {
        "name": "Australia",
        "code": "AU"
    },
    {
        "name": "Austria",
        "code": "AT"
    },
    {
        "name": "Azerbaijan",
        "code": "AZ"
    },
    {
        "name": "Bahamas",
        "code": "BS"
    },
    {
        "name": "Bahrain",
        "code": "BH"
    },
    {
        "name": "Bangladesh",
        "code": "BD"
    },
    {
        "name": "Barbados",
        "code": "BB"
    },
    {
        "name": "Belarus",
        "code": "BY"
    },
    {
        "name": "Belgium",
        "code": "BE"
    },
    {
        "name": "Belize",
        "code": "BZ"
    },
    {
        "name": "Benin",
        "code": "BJ"
    },
    {
        "name": "Bermuda",
        "code": "BM"
    },
    {
        "name": "Bhutan",
        "code": "BT"
    },
    {
        "name": "Bolivia",
        "code": "BO"
    },
    {
        "name": "Bosniaand Herzegovina",
        "code": "BA"
    },
    {
        "name": "Botswana",
        "code": "BW"
    },
    {
        "name": "BouvetIsland",
        "code": "BV"
    },
    {
        "name": "Brazil",
        "code": "BR"
    },
    {
        "name": "BritishIndian Ocean Territory",
        "code": "IO"
    },
    {
        "name": "BruneiDarussalam",
        "code": "BN"
    },
    {
        "name": "Bulgaria",
        "code": "BG"
    },
    {
        "name": "BurkinaFaso",
        "code": "BF"
    },
    {
        "name": "Burundi",
        "code": "BI"
    },
    {
        "name": "Cambodia",
        "code": "KH"
    },
    {
        "name": "Cameroon",
        "code": "CM"
    },
    {
        "name": "Canada",
        "code": "CA"
    },
    {
        "name": "CapeVerde",
        "code": "CV"
    },
    {
        "name": "CaymanIslands",
        "code": "KY"
    },
    {
        "name": "CentralAfrican Republic",
        "code": "CF"
    },
    {
        "name": "Chad",
        "code": "TD"
    },
    {
        "name": "Chile",
        "code": "CL"
    },
    {
        "name": "China",
        "code": "CN"
    },
    {
        "name": "ChristmasIsland",
        "code": "CX"
    },
    {
        "name": "Cocos(Keeling) Islands",
        "code": "CC"
    },
    {
        "name": "Colombia",
        "code": "CO"
    },
    {
        "name": "Comoros",
        "code": "KM"
    },
    {
        "name": "Congo",
        "code": "CG"
    },
    {
        "name": "Congo The Democratic Republic of the",
        "code": "CD"
    },
    {
        "name": "CookIslands",
        "code": "CK"
    },
    {
        "name": "CostaRica",
        "code": "CR"
    },
    {
        "name": "CoteD'Ivoire",
        "code": "CI"
    },
    {
        "name": "Croatia",
        "code": "HR"
    },
    {
        "name": "Cuba",
        "code": "CU"
    },
    {
        "name": "Cyprus",
        "code": "CY"
    },
    {
        "name": "CzechRepublic",
        "code": "CZ"
    },
    {
        "name": "Denmark",
        "code": "DK"
    },
    {
        "name": "Djibouti",
        "code": "DJ"
    },
    {
        "name": "Dominica",
        "code": "DM"
    },
    {
        "name": "DominicanRepublic",
        "code": "DO"
    },
    {
        "name": "Ecuador",
        "code": "EC"
    },
    {
        "name": "Egypt",
        "code": "EG"
    },
    {
        "name": "ElSalvador",
        "code": "SV"
    },
    {
        "name": "EquatorialGuinea",
        "code": "GQ"
    },
    {
        "name": "Eritrea",
        "code": "ER"
    },
    {
        "name": "Estonia",
        "code": "EE"
    },
    {
        "name": "Ethiopia",
        "code": "ET"
    },
    {
        "name": "FalklandIslands (Malvinas)",
        "code": "FK"
    },
    {
        "name": "FaroeIslands",
        "code": "FO"
    },
    {
        "name": "Fiji",
        "code": "FJ"
    },
    {
        "name": "Finland",
        "code": "FI"
    },
    {
        "name": "France",
        "code": "FR"
    },
    {
        "name": "FrenchGuiana",
        "code": "GF"
    },
    {
        "name": "FrenchPolynesia",
        "code": "PF"
    },
    {
        "name": "FrenchSouthern Territories",
        "code": "TF"
    },
    {
        "name": "Gabon",
        "code": "GA"
    },
    {
        "name": "Gambia",
        "code": "GM"
    },
    {
        "name": "Georgia",
        "code": "GE"
    },
    {
        "name": "Germany",
        "code": "DE"
    },
    {
        "name": "Ghana",
        "code": "GH"
    },
    {
        "name": "Gibraltar",
        "code": "GI"
    },
    {
        "name": "Greece",
        "code": "GR"
    },
    {
        "name": "Greenland",
        "code": "GL"
    },
    {
        "name": "Grenada",
        "code": "GD"
    },
    {
        "name": "Guadeloupe",
        "code": "GP"
    },
    {
        "name": "Guam",
        "code": "GU"
    },
    {
        "name": "Guatemala",
        "code": "GT"
    },
    {
        "name": "Guernsey",
        "code": "GG"
    },
    {
        "name": "Guinea",
        "code": "GN"
    },
    {
        "name": "GuineaBissau",
        "code": "GW"
    },
    {
        "name": "Guyana",
        "code": "GY"
    },
    {
        "name": "Haiti",
        "code": "HT"
    },
    {
        "name": "HeardIsland and Mcdonald Islands",
        "code": "HM"
    },
    {
        "name": "HolySee (Vatican City State)",
        "code": "VA"
    },
    {
        "name": "Honduras",
        "code": "HN"
    },
    {
        "name": "HongKong",
        "code": "HK"
    },
    {
        "name": "Hungary",
        "code": "HU"
    },
    {
        "name": "Iceland",
        "code": "IS"
    },
    {
        "name": "India",
        "code": "IN"
    },
    {
        "name": "Indonesia",
        "code": "ID"
    },
    {
        "name": "Iran Islamic Republic Of",
        "code": "IR"
    },
    {
        "name": "Iraq",
        "code": "IQ"
    },
    {
        "name": "Ireland",
        "code": "IE"
    },
    {
        "name": "Isleof Man",
        "code": "IM"
    },
    {
        "name": "Israel",
        "code": "IL"
    },
    {
        "name": "Italy",
        "code": "IT"
    },
    {
        "name": "Jamaica",
        "code": "JM"
    },
    {
        "name": "Japan",
        "code": "JP"
    },
    {
        "name": "Jersey",
        "code": "JE"
    },
    {
        "name": "Jordan",
        "code": "JO"
    },
    {
        "name": "Kazakhstan",
        "code": "KZ"
    },
    {
        "name": "Kenya",
        "code": "KE"
    },
    {
        "name": "Kiribati",
        "code": "KI"
    },
    {
        "name": "Korea Democratic People'S Republic of",
        "code": "KP"
    },
    {
        "name": "Korea Republic of",
        "code": "KR"
    },
    {
        "name": "Kuwait",
        "code": "KW"
    },
    {
        "name": "Kyrgyzstan",
        "code": "KG"
    },
    {
        "name": "LaoPeopleS Democratic Republic",
        "code": "LA"
    },
    {
        "name": "Latvia",
        "code": "LV"
    },
    {
        "name": "Lebanon",
        "code": "LB"
    },
    {
        "name": "Lesotho",
        "code": "LS"
    },
    {
        "name": "Liberia",
        "code": "LR"
    },
    {
        "name": "LibyanArab Jamahiriya",
        "code": "LY"
    },
    {
        "name": "Liechtenstein",
        "code": "LI"
    },
    {
        "name": "Lithuania",
        "code": "LT"
    },
    {
        "name": "Luxembourg",
        "code": "LU"
    },
    {
        "name": "Macao",
        "code": "MO"
    },
    {
        "name": "Macedonia The Former Yugoslav Republic of",
        "code": "MK"
    },
    {
        "name": "Madagascar",
        "code": "MG"
    },
    {
        "name": "Malawi",
        "code": "MW"
    },
    {
        "name": "Malaysia",
        "code": "MY"
    },
    {
        "name": "Maldives",
        "code": "MV"
    },
    {
        "name": "Mali",
        "code": "ML"
    },
    {
        "name": "Malta",
        "code": "MT"
    },
    {
        "name": "MarshallIslands",
        "code": "MH"
    },
    {
        "name": "Martinique",
        "code": "MQ"
    },
    {
        "name": "Mauritania",
        "code": "MR"
    },
    {
        "name": "Mauritius",
        "code": "MU"
    },
    {
        "name": "Mayotte",
        "code": "YT"
    },
    {
        "name": "Mexico",
        "code": "MX"
    },
    {
        "name": "Micronesia Federated States of",
        "code": "FM"
    },
    {
        "name": "Moldova Republic of",
        "code": "MD"
    },
    {
        "name": "Monaco",
        "code": "MC"
    },
    {
        "name": "Mongolia",
        "code": "MN"
    },
    {
        "name": "Montserrat",
        "code": "MS"
    },
    {
        "name": "Morocco",
        "code": "MA"
    },
    {
        "name": "Mozambique",
        "code": "MZ"
    },
    {
        "name": "Myanmar",
        "code": "MM"
    },
    {
        "name": "Namibia",
        "code": "NA"
    },
    {
        "name": "Nauru",
        "code": "NR"
    },
    {
        "name": "Nepal",
        "code": "NP"
    },
    {
        "name": "Netherlands",
        "code": "NL"
    },
    {
        "name": "NetherlandsAntilles",
        "code": "AN"
    },
    {
        "name": "NewCaledonia",
        "code": "NC"
    },
    {
        "name": "NewZealand",
        "code": "NZ"
    },
    {
        "name": "Nicaragua",
        "code": "NI"
    },
    {
        "name": "Niger",
        "code": "NE"
    },
    {
        "name": "Nigeria",
        "code": "NG"
    },
    {
        "name": "Niue",
        "code": "NU"
    },
    {
        "name": "NorfolkIsland",
        "code": "NF"
    },
    {
        "name": "NorthernMariana Islands",
        "code": "MP"
    },
    {
        "name": "Norway",
        "code": "NO"
    },
    {
        "name": "Oman",
        "code": "OM"
    },
    {
        "name": "Pakistan",
        "code": "PK"
    },
    {
        "name": "Palau",
        "code": "PW"
    },
    {
        "name": "PalestinianTerritory Occupied",
        "code": "PS"
    },
    {
        "name": "Panama",
        "code": "PA"
    },
    {
        "name": "PapuaNew Guinea",
        "code": "PG"
    },
    {
        "name": "Paraguay",
        "code": "PY"
    },
    {
        "name": "Peru",
        "code": "PE"
    },
    {
        "name": "Philippines",
        "code": "PH"
    },
    {
        "name": "Pitcairn",
        "code": "PN"
    },
    {
        "name": "Poland",
        "code": "PL"
    },
    {
        "name": "Portugal",
        "code": "PT"
    },
    {
        "name": "PuertoRico",
        "code": "PR"
    },
    {
        "name": "Qatar",
        "code": "QA"
    },
    {
        "name": "Reunion",
        "code": "RE"
    },
    {
        "name": "Romania",
        "code": "RO"
    },
    {
        "name": "RussianFederation",
        "code": "RU"
    },
    {
        "name": "RWANDA",
        "code": "RW"
    },
    {
        "name": "SaintHelena",
        "code": "SH"
    },
    {
        "name": "SaintKitts and Nevis",
        "code": "KN"
    },
    {
        "name": "SaintLucia",
        "code": "LC"
    },
    {
        "name": "SaintPierre and Miquelon",
        "code": "PM"
    },
    {
        "name": "SaintVincent and the Grenadines",
        "code": "VC"
    },
    {
        "name": "Samoa",
        "code": "WS"
    },
    {
        "name": "SanMarino",
        "code": "SM"
    },
    {
        "name": "SaoTome and Principe",
        "code": "ST"
    },
    {
        "name": "SaudiArabia",
        "code": "SA"
    },
    {
        "name": "Senegal",
        "code": "SN"
    },
    {
        "name": "Serbiaand Montenegro",
        "code": "CS"
    },
    {
        "name": "Seychelles",
        "code": "SC"
    },
    {
        "name": "SierraLeone",
        "code": "SL"
    },
    {
        "name": "Singapore",
        "code": "SG"
    },
    {
        "name": "Slovakia",
        "code": "SK"
    },
    {
        "name": "Slovenia",
        "code": "SI"
    },
    {
        "name": "SolomonIslands",
        "code": "SB"
    },
    {
        "name": "Somalia",
        "code": "SO"
    },
    {
        "name": "SouthAfrica",
        "code": "ZA"
    },
    {
        "name": "SouthGeorgia and the South Sandwich Islands",
        "code": "GS"
    },
    {
        "name": "Spain",
        "code": "ES"
    },
    {
        "name": "SriLanka",
        "code": "LK"
    },
    {
        "name": "Sudan",
        "code": "SD"
    },
    {
        "name": "Suriname",
        "code": "SR"
    },
    {
        "name": "Svalbardand Jan Mayen",
        "code": "SJ"
    },
    {
        "name": "Swaziland",
        "code": "SZ"
    },
    {
        "name": "Sweden",
        "code": "SE"
    },
    {
        "name": "Switzerland",
        "code": "CH"
    },
    {
        "name": "SyrianArab Republic",
        "code": "SY"
    },
    {
        "name": "Taiwan Province of China",
        "code": "TW"
    },
    {
        "name": "Tajikistan",
        "code": "TJ"
    },
    {
        "name": "Tanzania United Republic of",
        "code": "TZ"
    },
    {
        "name": "Thailand",
        "code": "TH"
    },
    {
        "name": "TimorLeste",
        "code": "TL"
    },
    {
        "name": "Togo",
        "code": "TG"
    },
    {
        "name": "Tokelau",
        "code": "TK"
    },
    {
        "name": "Tonga",
        "code": "TO"
    },
    {
        "name": "Trinidadand Tobago",
        "code": "TT"
    },
    {
        "name": "Tunisia",
        "code": "TN"
    },
    {
        "name": "Turkey",
        "code": "TR"
    },
    {
        "name": "Turkmenistan",
        "code": "TM"
    },
    {
        "name": "Turksand Caicos Islands",
        "code": "TC"
    },
    {
        "name": "Tuvalu",
        "code": "TV"
    },
    {
        "name": "Uganda",
        "code": "UG"
    },
    {
        "name": "Ukraine",
        "code": "UA"
    },
    {
        "name": "UnitedArab Emirates",
        "code": "AE"
    },
    {
        "name": "UnitedKingdom",
        "code": "GB"
    },
    {
        "name": "United States",
        "code": "US"
    },
    {
        "name": "United States Minor Outlying Islands",
        "code": "UM"
    },
    {
        "name": "Uruguay",
        "code": "UY"
    },
    {
        "name": "Uzbekistan",
        "code": "UZ"
    },
    {
        "name": "Vanuatu",
        "code": "VU"
    },
    {
        "name": "Venezuela",
        "code": "VE"
    },
    {
        "name": "VietNam",
        "code": "VN"
    },
    {
        "name": "VirginIslands British",
        "code": "VG"
    },
    {
        "name": "VirginIslands U.S.",
        "code": "VI"
    },
    {
        "name": "Wallisand Futuna",
        "code": "WF"
    },
    {
        "name": "WesternSahara",
        "code": "EH"
    },
    {
        "name": "Yemen",
        "code": "YE"
    },
    {
        "name": "Zambia",
        "code": "ZM"
    },
    {
        "name": "Zimbabwe",
        "code": "ZW"
    }
]
